cell	section	label	x	y	z	block_state	laser_color_argb	connections	rendered_connections	partner	block_entity_nbt	expected
A1	defaults	default laser node	164	100	164	laserio:laser_node	0x54ff0000	-	-	-	{connections:[],renderedConnections:[],myWorldPos:{X:164,Y:100,Z:164},laserColor:1425997824,wrenchAlpha:0}	tinted-shell
A2	defaults	default basic connector facing down	170	100	164	laserio:laser_connector[facing=down]	0x54ff0000	-	-	-	{connections:[],renderedConnections:[],myWorldPos:{X:170,Y:100,Z:164},laserColor:1425997824,wrenchAlpha:0}	tinted-shell
A3	defaults	default advanced connector facing down	176	100	164	laserio:laser_connector_advanced[facing=down]	0x54ff0000	-	-	-	{connections:[],renderedConnections:[],myWorldPos:{X:176,Y:100,Z:164},laserColor:1425997824,wrenchAlpha:0}	tinted-shell
B1	recolors	cyan laser node	164	100	171	laserio:laser_node	0x5400ccff	-	-	-	{connections:[],renderedConnections:[],myWorldPos:{X:164,Y:100,Z:171},laserColor:1409338623,wrenchAlpha:0}	tinted-shell
B2	recolors	green basic connector facing east	170	100	171	laserio:laser_connector[facing=east]	0x5455ff55	-	-	-	{connections:[],renderedConnections:[],myWorldPos:{X:170,Y:100,Z:171},laserColor:1414922069,wrenchAlpha:0}	tinted-shell
B3	recolors	violet advanced connector facing south	176	100	171	laserio:laser_connector_advanced[facing=south]	0x54cc55ff	-	-	-	{connections:[],renderedConnections:[],myWorldPos:{X:176,Y:100,Z:171},laserColor:1422677503,wrenchAlpha:0}	tinted-shell
C1	node-link	node link renderer	164	100	178	laserio:laser_node	0x54ffaa22	4/0/0	4/0/0	-	{connections:[{pos:{X:4,Y:0,Z:0}}],renderedConnections:[{pos:{X:4,Y:0,Z:0}}],myWorldPos:{X:164,Y:100,Z:178},laserColor:1426041378,wrenchAlpha:0}	tinted-shell+ordinary-beam-source
C2	node-link	node link target	168	100	178	laserio:laser_node	0x54ffaa22	-4/0/0	-	-	{connections:[{pos:{X:-4,Y:0,Z:0}}],renderedConnections:[],myWorldPos:{X:168,Y:100,Z:178},laserColor:1426041378,wrenchAlpha:0}	tinted-shell+ordinary-beam-target
D1	mixed-link	basic connector diagonal-link renderer	176	100	178	laserio:laser_connector[facing=east]	0x5422ccee	4/0/3	4/0/3	-	{connections:[{pos:{X:4,Y:0,Z:3}}],renderedConnections:[{pos:{X:4,Y:0,Z:3}}],myWorldPos:{X:176,Y:100,Z:178},laserColor:1411566830,wrenchAlpha:0}	tinted-shell+ordinary-beam-source
D2	mixed-link	advanced connector diagonal-link target	180	100	181	laserio:laser_connector_advanced[facing=west]	0x5422ccee	-4/0/-3	-	-	{connections:[{pos:{X:-4,Y:0,Z:-3}}],renderedConnections:[],myWorldPos:{X:180,Y:100,Z:181},laserColor:1411566830,wrenchAlpha:0}	tinted-shell+ordinary-beam-target
E1	advanced-partner	advanced partner west port	164	100	186	laserio:laser_connector_advanced[facing=east]	0x54ee44aa	-	-	minecraft:overworld@171/100/186	{connections:[],renderedConnections:[],myWorldPos:{X:164,Y:100,Z:186},laserColor:1424901290,wrenchAlpha:0,partnerDimPos:{dimension:"minecraft:overworld",blockpos:{X:171,Y:100,Z:186}}}	tinted-shell+advanced-port-beam
E2	advanced-partner	advanced partner east port	171	100	186	laserio:laser_connector_advanced[facing=west]	0x54ee44aa	-	-	minecraft:overworld@164/100/186	{connections:[],renderedConnections:[],myWorldPos:{X:171,Y:100,Z:186},laserColor:1424901290,wrenchAlpha:0,partnerDimPos:{dimension:"minecraft:overworld",blockpos:{X:164,Y:100,Z:186}}}	tinted-shell+advanced-port-beam
